Date,EquipID,CO2 Emission - Actual,Target,Achievement%,Deficit%
2020-01-01,1,3462,3490,101,0
2020-01-02,2,3458,3490,101,0
2020-01-03,2,3457,3490,101,0
2020-01-04,1,3549,3490,98,2
2020-01-05,1,3511,3490,99,1
2020-01-06,1,3451,3490,101,0
2020-01-07,1,3509,3490,99,1
2020-01-08,1,3446,3490,101,0
2020-01-09,2,3517,3490,99,1
2020-01-10,1,3489,3490,100,0
2020-01-11,2,3483,3490,100,0
2020-01-12,1,3538,3490,99,1
2020-01-13,1,3514,3490,99,1
2020-01-14,2,3497,3490,100,0
2020-01-15,1,3477,3490,100,0
2020-01-16,1,3515,3490,99,1
2020-01-17,2,3432,3490,102,0
2020-01-18,1,3443,3490,101,0
2020-01-19,1,3499,3490,100,0
2020-01-20,1,3461,3490,101,0
2020-01-21,2,3447,3490,101,0
2020-01-22,2,3487,3490,100,0
2020-01-23,1,3431,3490,102,0
2020-01-24,2,3536,3490,99,1
2020-01-25,2,3471,3490,101,0
2020-01-26,1,3455,3490,101,0
2020-01-27,1,3437,3490,102,0
2020-01-28,1,3449,3490,101,0
2020-01-29,1,3548,3490,98,2
2020-01-30,2,3465,3490,101,0
2020-01-31,1,3448,3490,101,0
2020-02-01,1,3494,3470,99,1
2020-02-02,1,3447,3470,101,0
2020-02-03,2,3414,3470,102,0
2020-02-04,1,3434,3470,101,0
2020-02-05,1,3446,3470,101,0
2020-02-06,1,3391,3470,102,0
2020-02-07,1,3430,3470,101,0
2020-02-08,1,3458,3470,100,0
2020-02-09,1,3444,3470,101,0
2020-02-10,1,3495,3470,99,1
2020-02-11,1,3469,3470,100,0
2020-02-12,1,3484,3470,100,0
2020-02-13,1,3467,3470,100,0
2020-02-14,1,3511,3470,99,1
2020-02-15,1,3394,3470,102,0
2020-02-16,2,3445,3470,101,0
2020-02-17,1,3480,3470,100,0
2020-02-18,1,3417,3470,102,0
2020-02-19,2,3408,3470,102,0
2020-02-20,1,3461,3470,100,0
2020-02-21,2,3518,3470,99,1
2020-02-22,1,3501,3470,99,1
2020-02-23,1,3471,3470,100,0
2020-02-24,2,3385,3470,103,0
2020-02-25,1,3392,3470,102,0
2020-02-26,2,3410,3470,102,0
2020-02-27,1,3381,3470,103,0
2020-02-28,1,3396,3470,102,0
2020-02-29,2,3492,3470,99,1
2020-03-01,2,3499,3455,99,1
2020-03-02,2,3487,3455,99,1
2020-03-03,1,3453,3455,100,0
2020-03-04,2,3436,3455,101,0
2020-03-05,1,3472,3455,100,0
2020-03-06,2,3436,3455,101,0
2020-03-07,1,3411,3455,101,0
2020-03-08,2,3475,3455,99,1
2020-03-09,2,3516,3455,98,2
2020-03-10,1,3516,3455,98,2
2020-03-11,1,3491,3455,99,1
2020-03-12,1,3434,3455,101,0
2020-03-13,2,3462,3455,100,0
2020-03-14,2,3495,3455,99,1
2020-03-15,2,3487,3455,99,1
2020-03-16,1,3469,3455,100,0
2020-03-17,1,3435,3455,101,0
2020-03-18,2,3460,3455,100,0
2020-03-19,2,3416,3455,101,0
2020-03-20,1,3494,3455,99,1
2020-03-21,2,3451,3455,100,0
2020-03-22,2,3490,3455,99,1
2020-03-23,2,3458,3455,100,0
2020-03-24,2,3488,3455,99,1
2020-03-25,1,3440,3455,100,0
2020-03-26,1,3407,3455,101,0
2020-03-27,1,3460,3455,100,0
2020-03-28,1,3472,3455,100,0
2020-03-29,2,3430,3455,101,0
2020-03-30,2,3505,3455,99,1
2020-03-31,2,3429,3455,101,0
2020-04-01,1,3483,3440,99,1
2020-04-02,2,3473,3440,99,1
2020-04-03,1,3479,3440,99,1
2020-04-04,2,3410,3440,101,0
2020-04-05,1,3428,3440,100,0
2020-04-06,1,3421,3440,101,0
2020-04-07,2,3485,3440,99,1
2020-04-08,1,3430,3440,100,0
2020-04-09,2,3446,3440,100,0
2020-04-10,1,3404,3440,101,0
2020-04-11,2,3487,3440,99,1
2020-04-12,1,3486,3440,99,1
2020-04-13,2,3465,3440,99,1
2020-04-14,1,3433,3440,100,0
2020-04-15,2,3472,3440,99,1
2020-04-16,1,3399,3440,101,0
2020-04-17,1,3428,3440,100,0
2020-04-18,2,3402,3440,101,0
2020-04-19,1,3494,3440,98,2
2020-04-20,1,3421,3440,101,0
2020-04-21,2,3424,3440,100,0
2020-04-22,2,3413,3440,101,0
2020-04-23,2,3411,3440,101,0
2020-04-24,1,3479,3440,99,1
2020-04-25,2,3476,3440,99,1
2020-04-26,1,3456,3440,100,0
2020-04-27,1,3415,3440,101,0
2020-04-28,2,3394,3440,101,0
2020-04-29,1,3440,3440,100,0
2020-04-30,1,3485,3440,99,1
2020-05-01,2,3394,3420,101,0
2020-05-02,2,3383,3420,101,0
2020-05-03,2,3444,3420,99,1
2020-05-04,2,3406,3420,100,0
2020-05-05,2,3410,3420,100,0
2020-05-06,1,3411,3420,100,0
2020-05-07,2,3451,3420,99,1
2020-05-08,2,3396,3420,101,0
2020-05-09,1,3411,3420,100,0
2020-05-10,1,3467,3420,99,1
2020-05-11,2,3396,3420,101,0
2020-05-12,1,3377,3420,101,0
2020-05-13,1,3377,3420,101,0
2020-05-14,1,3414,3420,100,0
2020-05-15,1,3409,3420,100,0
2020-05-16,2,3437,3420,100,0
2020-05-17,2,3416,3420,100,0
2020-05-18,2,3454,3420,99,1
2020-05-19,2,3457,3420,99,1
2020-05-20,1,3444,3420,99,1
2020-05-21,2,3420,3420,100,0
2020-05-22,2,3419,3420,100,0
2020-05-23,1,3397,3420,101,0
2020-05-24,2,3471,3420,99,1
2020-05-25,1,3464,3420,99,1
2020-05-26,2,3452,3420,99,1
2020-05-27,2,3366,3420,102,0
2020-05-28,1,3379,3420,101,0
2020-05-29,1,3409,3420,100,0
2020-05-30,2,3410,3420,100,0
2020-05-31,1,3378,3420,101,0
2020-06-01,1,3385,3400,100,0
2020-06-02,2,3442,3400,99,1
2020-06-03,2,3411,3400,100,0
2020-06-04,2,3365,3400,101,0
2020-06-05,2,3350,3400,101,0
2020-06-06,1,3361,3400,101,0
2020-06-07,2,3441,3400,99,1
2020-06-08,1,3389,3400,100,0
2020-06-09,1,3409,3400,100,0
2020-06-10,2,3429,3400,99,1
2020-06-11,1,3393,3400,100,0
2020-06-12,1,3381,3400,101,0
2020-06-13,1,3373,3400,101,0
2020-06-14,2,3376,3400,101,0
2020-06-15,2,3411,3400,100,0
2020-06-16,2,3397,3400,100,0
2020-06-17,2,3441,3400,99,1
2020-06-18,1,3389,3400,100,0
2020-06-19,2,3392,3400,100,0
2020-06-20,2,3367,3400,101,0
2020-06-21,1,3444,3400,99,1
2020-06-22,1,3364,3400,101,0
2020-06-23,1,3427,3400,99,1
2020-06-24,2,3429,3400,99,1
2020-06-25,2,3427,3400,99,1
2020-06-26,2,3436,3400,99,1
2020-06-27,1,3387,3400,100,0
2020-06-28,2,3432,3400,99,1
2020-06-29,1,3358,3400,101,0
2020-06-30,1,3374,3400,101,0
2020-07-01,2,3359,3385,101,0
2020-07-02,1,3367,3385,101,0
2020-07-03,1,3358,3385,101,0
2020-07-04,2,3356,3385,101,0
2020-07-05,1,3416,3385,99,1
2020-07-06,1,3366,3385,101,0
2020-07-07,2,3382,3385,100,0
2020-07-08,1,3362,3385,101,0
2020-07-09,1,3380,3385,100,0
2020-07-10,2,3337,3385,101,0
2020-07-11,1,3338,3385,101,0
2020-07-12,2,3413,3385,99,1
2020-07-13,1,3379,3385,100,0
2020-07-14,1,3414,3385,99,1
2020-07-15,1,3422,3385,99,1
2020-07-16,1,3421,3385,99,1
2020-07-17,2,3337,3385,101,0
2020-07-18,1,3345,3385,101,0
2020-07-19,1,3417,3385,99,1
2020-07-20,1,3405,3385,99,1
2020-07-21,1,3363,3385,101,0
2020-07-22,1,3389,3385,100,0
2020-07-23,1,3363,3385,101,0
2020-07-24,1,3384,3385,100,0
2020-07-25,2,3398,3385,100,0
2020-07-26,2,3434,3385,99,1
2020-07-27,1,3380,3385,100,0
2020-07-28,2,3381,3385,100,0
2020-07-29,2,3403,3385,99,1
2020-07-30,1,3442,3385,98,2
2020-07-31,2,3413,3385,99,1
2020-08-01,2,3415,3375,99,1
2020-08-02,2,3372,3375,100,0
2020-08-03,1,3321,3375,102,0
2020-08-04,2,3433,3375,98,2
2020-08-05,1,3406,3375,99,1
2020-08-06,1,3334,3375,101,0
2020-08-07,2,3425,3375,99,1
2020-08-08,2,3378,3375,100,0
2020-08-09,1,3416,3375,99,1
2020-08-10,1,3369,3375,100,0
2020-08-11,1,3329,3375,101,0
2020-08-12,2,3397,3375,99,1
2020-08-13,1,3330,3375,101,0
2020-08-14,2,3331,3375,101,0
2020-08-15,1,3371,3375,100,0
2020-08-16,2,3349,3375,101,0
2020-08-17,2,3378,3375,100,0
2020-08-18,1,3348,3375,101,0
2020-08-19,2,3341,3375,101,0
2020-08-20,1,3411,3375,99,1
2020-08-21,2,3340,3375,101,0
2020-08-22,1,3363,3375,100,0
2020-08-23,2,3425,3375,99,1
2020-08-24,2,3382,3375,100,0
2020-08-25,1,3422,3375,99,1
2020-08-26,1,3345,3375,101,0
2020-08-27,2,3336,3375,101,0
2020-08-28,1,3367,3375,100,0
2020-08-29,1,3365,3375,100,0
2020-08-30,2,3409,3375,99,1
2020-08-31,1,3323,3375,102,0
2020-09-01,1,3408,3360,99,1
2020-09-02,2,3377,3360,99,1
2020-09-03,2,3404,3360,99,1
2020-09-04,2,3370,3360,100,0
2020-09-05,2,3329,3360,101,0
2020-09-06,2,3393,3360,99,1
2020-09-07,2,3351,3360,100,0
2020-09-08,1,3363,3360,100,0
2020-09-09,1,3382,3360,99,1
2020-09-10,2,3365,3360,100,0
2020-09-11,1,3369,3360,100,0
2020-09-12,2,3412,3360,98,2
2020-09-13,1,3424,3360,98,2
2020-09-14,2,3355,3360,100,0
2020-09-15,1,3356,3360,100,0
2020-09-16,1,3373,3360,100,0
2020-09-17,1,3367,3360,100,0
2020-09-18,2,3329,3360,101,0
2020-09-19,1,3344,3360,100,0
2020-09-20,2,3347,3360,100,0
2020-09-21,2,3320,3360,101,0
2020-09-22,1,3390,3360,99,1
2020-09-23,2,3419,3360,98,2
2020-09-24,1,3426,3360,98,2
2020-09-25,2,3368,3360,100,0
2020-09-26,1,3367,3360,100,0
2020-09-27,1,3314,3360,101,0
2020-09-28,1,3393,3360,99,1
2020-09-29,2,3384,3360,99,1
2020-09-30,2,3316,3360,101,0
2020-10-01,1,3391,3350,99,1
2020-10-02,1,3388,3350,99,1
2020-10-03,2,3365,3350,100,0
2020-10-04,1,3303,3350,101,0
2020-10-05,1,3348,3350,100,0
2020-10-06,1,3381,3350,99,1
2020-10-07,1,3312,3350,101,0
2020-10-08,2,3333,3350,101,0
2020-10-09,1,3347,3350,100,0
2020-10-10,1,3301,3350,101,0
2020-10-11,1,3320,3350,101,0
2020-10-12,2,3372,3350,99,1
2020-10-13,1,3361,3350,100,0
2020-10-14,2,3345,3350,100,0
2020-10-15,2,3321,3350,101,0
2020-10-16,1,3325,3350,101,0
2020-10-17,1,3328,3350,101,0
2020-10-18,1,3339,3350,100,0
2020-10-19,2,3312,3350,101,0
2020-10-20,1,3335,3350,100,0
2020-10-21,1,3319,3350,101,0
2020-10-22,1,3355,3350,100,0
2020-10-23,2,3370,3350,99,1
2020-10-24,2,3399,3350,99,1
2020-10-25,1,3400,3350,99,1
2020-10-26,1,3356,3350,100,0
2020-10-27,1,3321,3350,101,0
2020-10-28,2,3318,3350,101,0
2020-10-29,1,3398,3350,99,1
2020-10-30,1,3313,3350,101,0
2020-10-31,2,3378,3350,99,1
2020-11-01,2,3356,3345,100,0
2020-11-02,2,3334,3345,100,0
2020-11-03,2,3400,3345,98,2
2020-11-04,1,3323,3345,101,0
2020-11-05,2,3383,3345,99,1
2020-11-06,1,3323,3345,101,0
2020-11-07,1,3300,3345,101,0
2020-11-08,1,3386,3345,99,1
2020-11-09,2,3378,3345,99,1
2020-11-10,1,3375,3345,99,1
2020-11-11,2,3313,3345,101,0
2020-11-12,1,3393,3345,99,1
2020-11-13,2,3411,3345,98,2
2020-11-14,1,3314,3345,101,0
2020-11-15,1,3388,3345,99,1
2020-11-16,1,3309,3345,101,0
2020-11-17,2,3362,3345,99,1
2020-11-18,2,3337,3345,100,0
2020-11-19,1,3292,3345,102,0
2020-11-20,2,3346,3345,100,0
2020-11-21,2,3324,3345,101,0
2020-11-22,2,3358,3345,100,0
2020-11-23,2,3392,3345,99,1
2020-11-24,2,3311,3345,101,0
2020-11-25,2,3379,3345,99,1
2020-11-26,1,3345,3345,100,0
2020-11-27,1,3307,3345,101,0
2020-11-28,2,3319,3345,101,0
2020-11-29,2,3381,3345,99,1
2020-11-30,1,3296,3345,101,0
2020-12-01,1,3379,3330,99,1
2020-12-02,2,3320,3330,100,0
2020-12-03,2,3294,3330,101,0
2020-12-04,2,3298,3330,101,0
2020-12-05,2,3334,3330,100,0
2020-12-06,2,3286,3330,101,0
2020-12-07,2,3365,3330,99,1
2020-12-08,1,3310,3330,101,0
2020-12-09,2,3309,3330,101,0
2020-12-10,2,3283,3330,101,0
2020-12-11,2,3348,3330,99,1
2020-12-12,1,3335,3330,100,0
2020-12-13,2,3302,3330,101,0
2020-12-14,2,3288,3330,101,0
2020-12-15,2,3305,3330,101,0
2020-12-16,2,3306,3330,101,0
2020-12-17,1,3328,3330,100,0
2020-12-18,2,3373,3330,99,1
2020-12-19,2,3289,3330,101,0
2020-12-20,1,3340,3330,100,0
2020-12-21,2,3369,3330,99,1
2020-12-22,1,3361,3330,99,1
2020-12-23,2,3315,3330,100,0
2020-12-24,1,3381,3330,98,2
2020-12-25,2,3389,3330,98,2
2020-12-26,2,3391,3330,98,2
2020-12-27,1,3338,3330,100,0
2020-12-28,2,3366,3330,99,1
2020-12-29,2,3378,3330,99,1
2020-12-30,1,3305,3330,101,0
2020-12-31,1,3310,3330,101,0
2021-01-01,1,3281,3320,101,0
2021-01-02,1,3334,3320,100,0
2021-01-03,2,3337,3320,99,1
2021-01-04,1,3338,3320,99,1
2021-01-05,1,3306,3320,100,0
2021-01-06,2,3311,3320,100,0
2021-01-07,2,3307,3320,100,0
2021-01-08,1,3377,3320,98,2
2021-01-09,1,3343,3320,99,1
2021-01-10,1,3361,3320,99,1
2021-01-11,2,3362,3320,99,1
2021-01-12,2,3371,3320,98,2
2021-01-13,1,3336,3320,100,0
2021-01-14,2,3323,3320,100,0
2021-01-15,1,3293,3320,101,0
2021-01-16,2,3368,3320,99,1
2021-01-17,1,3295,3320,101,0
2021-01-18,1,3321,3320,100,0
2021-01-19,2,3339,3320,99,1
2021-01-20,1,3311,3320,100,0
2021-01-21,1,3329,3320,100,0
2021-01-22,2,3303,3320,101,0
2021-01-23,2,3284,3320,101,0
2021-01-24,1,3291,3320,101,0
2021-01-25,2,3309,3320,100,0
2021-01-26,2,3315,3320,100,0
2021-01-27,2,3325,3320,100,0
2021-01-28,1,3371,3320,98,2
2021-01-29,1,3338,3320,99,1
2021-01-30,2,3370,3320,99,2
2021-01-31,2,3336,3320,100,0
2021-02-01,1,3346,3305,99,1
2021-02-02,2,3352,3305,99,1
2021-02-03,2,3307,3305,100,0
2021-02-04,2,3314,3305,100,0
2021-02-05,1,3340,3305,99,1
2021-02-06,1,3343,3305,99,1
2021-02-07,2,3284,3305,101,0
2021-02-08,2,3315,3305,100,0
2021-02-09,2,3336,3305,99,1
2021-02-10,1,3347,3305,99,1
2021-02-11,2,3270,3305,101,0
2021-02-12,2,3283,3305,101,0
2021-02-13,2,3344,3305,99,1
2021-02-14,2,3293,3305,100,0
2021-02-15,1,3322,3305,99,1
2021-02-16,1,3311,3305,100,0
2021-02-17,1,3301,3305,100,0
2021-02-18,1,3304,3305,100,0
2021-02-19,1,3286,3305,101,0
2021-02-20,2,3307,3305,100,0
2021-02-21,2,3307,3305,100,0
2021-02-22,2,3352,3305,99,1
2021-02-23,2,3340,3305,99,1
2021-02-24,2,3256,3305,102,0
2021-02-25,1,3330,3305,99,1
2021-02-26,2,3338,3305,99,1
2021-02-27,1,3330,3305,99,1
2021-02-28,2,3343,3305,99,1
2021-03-01,1,3337,3300,99,1
2021-03-02,2,3254,3300,101,0
2021-03-03,1,3315,3300,100,0
2021-03-04,2,3332,3300,99,1
2021-03-05,2,3273,3300,101,0
2021-03-06,1,3342,3300,99,1
2021-03-07,1,3285,3300,100,0
2021-03-08,1,3296,3300,100,0
2021-03-09,1,3289,3300,100,0
2021-03-10,2,3329,3300,99,1
2021-03-11,1,3298,3300,100,0
2021-03-12,2,3314,3300,100,0
2021-03-13,1,3320,3300,99,1
2021-03-14,1,3292,3300,100,0
2021-03-15,1,3252,3300,101,0
2021-03-16,1,3292,3300,100,0
2021-03-17,1,3259,3300,101,0
2021-03-18,1,3366,3300,98,2
2021-03-19,1,3359,3300,98,2
2021-03-20,2,3249,3300,102,0
2021-03-21,2,3324,3300,99,1
2021-03-22,2,3286,3300,100,0
2021-03-23,1,3291,3300,100,0
2021-03-24,1,3296,3300,100,0
2021-03-25,1,3283,3300,101,0
2021-03-26,1,3325,3300,99,1
2021-03-27,1,3340,3300,99,1
2021-03-28,2,3300,3300,100,0
2021-03-29,2,3247,3300,102,0
2021-03-30,2,3247,3300,102,0
2021-03-31,1,3257,3300,101,0
2021-04-01,1,3297,3280,99,1
2021-04-02,1,3241,3280,101,0
2021-04-03,2,3320,3280,99,1
2021-04-04,2,3271,3280,100,0
2021-04-05,2,3263,3280,101,0
2021-04-06,2,3259,3280,101,0
2021-04-07,1,3253,3280,101,0
2021-04-08,1,3334,3280,98,2
2021-04-09,1,3245,3280,101,0
2021-04-10,2,3291,3280,100,0
2021-04-11,2,3275,3280,100,0
2021-04-12,2,3251,3280,101,0
2021-04-13,2,3291,3280,100,0
2021-04-14,2,3326,3280,99,1
2021-04-15,2,3327,3280,99,1
2021-04-16,1,3338,3280,98,2
2021-04-17,1,3287,3280,100,0
2021-04-18,1,3294,3280,100,0
2021-04-19,2,3341,3280,98,2
2021-04-20,1,3232,3280,101,0
2021-04-21,1,3304,3280,99,1
2021-04-22,1,3224,3280,102,0
2021-04-23,2,3273,3280,100,0
2021-04-24,1,3285,3280,100,0
2021-04-25,1,3291,3280,100,0
2021-04-26,1,3318,3280,99,1
2021-04-27,1,3276,3280,100,0
2021-04-28,2,3269,3280,100,0
2021-04-29,2,3275,3280,100,0
2021-04-30,1,3268,3280,100,0
2021-05-01,2,3240,3275,101,0
2021-05-02,2,3292,3275,99,1
2021-05-03,1,3231,3275,101,0
2021-05-04,2,3298,3275,99,1
2021-05-05,2,3250,3275,101,0
2021-05-06,1,3291,3275,100,0
2021-05-07,2,3231,3275,101,0
2021-05-08,1,3292,3275,99,1
2021-05-09,2,3322,3275,99,1
2021-05-10,2,3245,3275,101,0
2021-05-11,1,3269,3275,100,0
2021-05-12,2,3301,3275,99,1
2021-05-13,1,3251,3275,101,0
2021-05-14,2,3255,3275,101,0
2021-05-15,2,3272,3275,100,0
2021-05-16,1,3316,3275,99,1
2021-05-17,1,3224,3275,102,0
2021-05-18,2,3251,3275,101,0
2021-05-19,1,3271,3275,100,0
2021-05-20,2,3236,3275,101,0
2021-05-21,1,3281,3275,100,0
2021-05-22,1,3300,3275,99,1
2021-05-23,2,3274,3275,100,0
2021-05-24,2,3323,3275,99,1
2021-05-25,1,3253,3275,101,0
2021-05-26,2,3321,3275,99,1
2021-05-27,1,3299,3275,99,1
2021-05-28,2,3251,3275,101,0
2021-05-29,1,3307,3275,99,1
2021-05-30,1,3295,3275,99,1
2021-05-31,2,3260,3275,100,0
2021-06-01,1,3225,3260,101,0
2021-06-02,2,3277,3260,99,1
2021-06-03,2,3315,3260,98,2
2021-06-04,2,3218,3260,101,0
2021-06-05,1,3284,3260,99,1
2021-06-06,2,3210,3260,102,0
2021-06-07,2,3277,3260,99,1
2021-06-08,1,3231,3260,101,0
2021-06-09,2,3293,3260,99,1
2021-06-10,1,3270,3260,100,0
2021-06-11,1,3265,3260,100,0
2021-06-12,1,3231,3260,101,0
2021-06-13,1,3311,3260,98,2
2021-06-14,2,3272,3260,100,0
2021-06-15,2,3305,3260,99,1
2021-06-16,2,3303,3260,99,1
2021-06-17,2,3310,3260,98,2
2021-06-18,1,3245,3260,100,0
2021-06-19,1,3294,3260,99,1
2021-06-20,2,3222,3260,101,0
2021-06-21,2,3238,3260,101,0
2021-06-22,1,3312,3260,98,2
2021-06-23,2,3278,3260,99,1
2021-06-24,2,3245,3260,100,0
2021-06-25,1,3250,3260,100,0
2021-06-26,2,3294,3260,99,1
2021-06-27,2,3284,3260,99,1
2021-06-28,1,3257,3260,100,0
2021-06-29,2,3314,3260,98,2
2021-06-30,2,3237,3260,101,0
2021-07-01,1,3249,3250,100,0
2021-07-02,1,3222,3250,101,0
2021-07-03,1,3308,3250,98,2
2021-07-04,1,3257,3250,100,0
2021-07-05,1,3202,3250,101,0
2021-07-06,1,3263,3250,100,0
2021-07-07,1,3241,3250,100,0
2021-07-08,1,3281,3250,99,1
2021-07-09,2,3313,3250,98,2
2021-07-10,2,3276,3250,99,1
2021-07-11,2,3224,3250,101,0
2021-07-12,2,3284,3250,99,1
2021-07-13,1,3281,3250,99,1
2021-07-14,2,3253,3250,100,0
2021-07-15,1,3270,3250,99,1
2021-07-16,1,3255,3250,100,0
2021-07-17,2,3294,3250,99,1
2021-07-18,1,3274,3250,99,1
2021-07-19,2,3277,3250,99,1
2021-07-20,2,3229,3250,101,0
2021-07-21,1,3295,3250,99,1
2021-07-22,2,3214,3250,101,0
2021-07-23,2,3285,3250,99,1
2021-07-24,1,3235,3250,100,0
2021-07-25,2,3304,3250,98,2
2021-07-26,1,3293,3250,99,1
2021-07-27,2,3300,3250,98,2
2021-07-28,1,3237,3250,100,0
2021-07-29,1,3250,3250,100,0
2021-07-30,1,3278,3250,99,1
2021-07-31,1,3224,3250,101,0
2021-08-01,1,3208,3225,101,0
2021-08-02,2,3206,3225,101,0
2021-08-03,1,3181,3225,101,0
2021-08-04,2,3184,3225,101,0
2021-08-05,1,3245,3225,99,1
2021-08-06,1,3198,3225,101,0
2021-08-07,1,3231,3225,100,0
2021-08-08,1,3252,3225,99,1
2021-08-09,2,3262,3225,99,1
2021-08-10,1,3211,3225,100,0
2021-08-11,1,3183,3225,101,0
2021-08-12,2,3178,3225,101,0
2021-08-13,1,3229,3225,100,0
2021-08-14,2,3273,3225,99,1
2021-08-15,1,3230,3225,100,0
2021-08-16,1,3270,3225,99,1
2021-08-17,2,3219,3225,100,0
2021-08-18,2,3192,3225,101,0
2021-08-19,1,3245,3225,99,1
2021-08-20,2,3240,3225,100,0
2021-08-21,1,3263,3225,99,1
2021-08-22,1,3194,3225,101,0
2021-08-23,1,3196,3225,101,0
2021-08-24,1,3263,3225,99,1
2021-08-25,2,3235,3225,100,0
2021-08-26,2,3227,3225,100,0
2021-08-27,1,3221,3225,100,0
2021-08-28,1,3195,3225,101,0
2021-08-29,2,3206,3225,101,0
2021-08-30,1,3198,3225,101,0
2021-08-31,1,3203,3225,101,0
2021-09-01,2,3169,3220,102,0
2021-09-02,1,3187,3220,101,0
2021-09-03,2,3258,3220,99,1
2021-09-04,2,3275,3220,98,2
2021-09-05,1,3254,3220,99,1
2021-09-06,2,3225,3220,100,0
2021-09-07,1,3256,3220,99,1
2021-09-08,1,3224,3220,100,0
2021-09-09,1,3166,3220,102,0
2021-09-10,2,3189,3220,101,0
2021-09-11,1,3264,3220,99,1
2021-09-12,2,3226,3220,100,0
2021-09-13,2,3205,3220,100,0
2021-09-14,1,3241,3220,99,1
2021-09-15,1,3230,3220,100,0
2021-09-16,1,3221,3220,100,0
2021-09-17,2,3260,3220,99,1
2021-09-18,2,3204,3220,100,0
2021-09-19,2,3244,3220,99,1
2021-09-20,2,3191,3220,101,0
2021-09-21,2,3240,3220,99,1
2021-09-22,2,3192,3220,101,0
2021-09-23,1,3248,3220,99,1
2021-09-24,2,3203,3220,101,0
2021-09-25,1,3271,3220,98,2
2021-09-26,2,3241,3220,99,1
2021-09-27,1,3187,3220,101,0
2021-09-28,1,3217,3220,100,0
2021-09-29,1,3251,3220,99,1
2021-09-30,2,3171,3220,102,0
2021-10-01,2,3240,3210,99,1
2021-10-02,2,3217,3210,100,0
2021-10-03,2,3233,3210,99,1
2021-10-04,2,3164,3210,101,0
2021-10-05,1,3166,3210,101,0
2021-10-06,1,3259,3210,98,2
2021-10-07,2,3161,3210,102,0
2021-10-08,2,3153,3210,102,0
2021-10-09,2,3207,3210,100,0
2021-10-10,1,3216,3210,100,0
2021-10-11,1,3223,3210,100,0
2021-10-12,2,3168,3210,101,0
2021-10-13,2,3200,3210,100,0
2021-10-14,2,3160,3210,102,0
2021-10-15,1,3180,3210,101,0
2021-10-16,2,3260,3210,98,2
2021-10-17,1,3199,3210,100,0
2021-10-18,2,3184,3210,101,0
2021-10-19,1,3249,3210,99,1
2021-10-20,1,3264,3210,98,2
2021-10-21,2,3202,3210,100,0
2021-10-22,1,3260,3210,98,2
2021-10-23,1,3267,3210,98,2
2021-10-24,2,3249,3210,99,1
2021-10-25,2,3169,3210,101,0
2021-10-26,1,3208,3210,100,0
2021-10-27,1,3253,3210,99,1
2021-10-28,1,3180,3210,101,0
2021-10-29,1,3224,3210,100,0
2021-10-30,2,3216,3210,100,0
2021-10-31,2,3222,3210,100,0
2021-11-01,1,3196,3205,100,0
2021-11-02,1,3222,3205,99,1
2021-11-03,1,3158,3205,101,0
2021-11-04,2,3242,3205,99,1
2021-11-05,1,3244,3205,99,1
2021-11-06,1,3178,3205,101,0
2021-11-07,2,3259,3205,98,2
2021-11-08,2,3203,3205,100,0
2021-11-09,2,3258,3205,98,2
2021-11-10,1,3199,3205,100,0
2021-11-11,2,3197,3205,100,0
2021-11-12,2,3158,3205,101,0
2021-11-13,2,3232,3205,99,1
2021-11-14,1,3267,3205,98,2
2021-11-15,2,3220,3205,100,0
2021-11-16,2,3231,3205,99,1
2021-11-17,2,3175,3205,101,0
2021-11-18,2,3172,3205,101,0
2021-11-19,1,3261,3205,98,2
2021-11-20,1,3257,3205,98,2
2021-11-21,1,3238,3205,99,1
2021-11-22,1,3251,3205,99,1
2021-11-23,1,3192,3205,100,0
2021-11-24,2,3187,3205,101,0
2021-11-25,2,3216,3205,100,0
2021-11-26,1,3195,3205,100,0
2021-11-27,1,3223,3205,99,1
2021-11-28,1,3191,3205,100,0
2021-11-29,2,3195,3205,100,0
2021-11-30,1,3207,3205,100,0
2021-12-01,2,3227,3200,99,1
2021-12-02,2,3174,3200,101,0
2021-12-03,2,3166,3200,101,0
2021-12-04,1,3155,3200,101,0
2021-12-05,2,3152,3200,102,0
2021-12-06,2,3217,3200,99,1
2021-12-07,2,3238,3200,99,1
2021-12-08,2,3259,3200,98,2
2021-12-09,1,3166,3200,101,0
2021-12-10,1,3175,3200,101,0
2021-12-11,2,3168,3200,101,0
2021-12-12,2,3217,3200,99,1
2021-12-13,2,3198,3200,100,0
2021-12-14,1,3224,3200,99,1
2021-12-15,1,3171,3200,101,0
2021-12-16,1,3184,3200,101,0
2021-12-17,1,3168,3200,101,0
2021-12-18,2,3252,3200,98,2
2021-12-19,1,3232,3200,99,1
2021-12-20,2,3231,3200,99,1
2021-12-21,1,3200,3200,100,0
2021-12-22,1,3251,3200,98,2
2021-12-23,2,3200,3200,100,0
2021-12-24,2,3190,3200,100,0
2021-12-25,1,3191,3200,100,0
2021-12-26,2,3251,3200,98,2
2021-12-27,2,3210,3200,100,0
2021-12-28,2,3206,3200,100,0
2021-12-29,1,3199,3200,100,0
2021-12-30,2,3224,3200,99,1
2021-12-31,1,3175,3200,101,0
2022-01-01,2,3220,3185,99,1
2022-01-02,2,3151,3185,101,0
2022-01-03,1,3140,3185,101,0
2022-01-04,1,3216,3185,99,1
2022-01-05,2,3176,3185,100,0
2022-01-06,2,3147,3185,101,0
2022-01-07,2,3194,3185,100,0
2022-01-08,1,3215,3185,99,1
2022-01-09,2,3156,3185,101,0
2022-01-10,1,3150,3185,101,0
2022-01-11,2,3138,3185,101,0
2022-01-12,1,3239,3185,98,2
2022-01-13,2,3147,3185,101,0
2022-01-14,2,3204,3185,99,1
2022-01-15,1,3188,3185,100,0
2022-01-16,2,3242,3185,98,2
2022-01-17,1,3152,3185,101,0
2022-01-18,2,3220,3185,99,1
2022-01-19,1,3162,3185,101,0
2022-01-20,2,3191,3185,100,0
2022-01-21,2,3236,3185,98,2
2022-01-22,2,3216,3185,99,1
2022-01-23,1,3171,3185,100,0
2022-01-24,1,3191,3185,100,0
2022-01-25,2,3213,3185,99,1
2022-01-26,2,3213,3185,99,1
2022-01-27,2,3219,3185,99,1
2022-01-28,1,3242,3185,98,2
2022-01-29,2,3155,3185,101,0
2022-01-30,1,3159,3185,101,0
2022-01-31,1,3178,3185,100,0
2022-02-01,1,3193,3170,99,1
2022-02-02,1,3195,3170,99,1
2022-02-03,2,3142,3170,101,0
2022-02-04,2,3219,3170,98,2
2022-02-05,2,3135,3170,101,0
2022-02-06,2,3166,3170,100,0
2022-02-07,2,3150,3170,101,0
2022-02-08,2,3193,3170,99,1
2022-02-09,2,3120,3170,102,0
2022-02-10,2,3162,3170,100,0
2022-02-11,2,3194,3170,99,1
2022-02-12,1,3232,3170,98,2
2022-02-13,1,3162,3170,100,0
2022-02-14,2,3210,3170,99,1
2022-02-15,2,3205,3170,99,1
2022-02-16,1,3199,3170,99,1
2022-02-17,2,3142,3170,101,0
2022-02-18,1,3172,3170,100,0
2022-02-19,2,3126,3170,101,0
2022-02-20,2,3136,3170,101,0
2022-02-21,1,3185,3170,100,0
2022-02-22,1,3135,3170,101,0
2022-02-23,1,3202,3170,99,1
2022-02-24,2,3180,3170,100,0
2022-02-25,2,3186,3170,99,1
2022-02-26,1,3233,3170,98,2
2022-02-27,1,3137,3170,101,0
2022-02-28,1,3200,3170,99,1
2022-03-01,1,3159,3150,100,0
2022-03-02,2,3145,3150,100,0
2022-03-03,2,3096,3150,102,0
2022-03-04,2,3155,3150,100,0
2022-03-05,2,3110,3150,101,0
2022-03-06,2,3121,3150,101,0
2022-03-07,1,3135,3150,100,0
2022-03-08,1,3194,3150,99,1
2022-03-09,2,3103,3150,102,0
2022-03-10,1,3112,3150,101,0
2022-03-11,2,3187,3150,99,1
2022-03-12,1,3147,3150,100,0
2022-03-13,1,3174,3150,99,1
2022-03-14,1,3185,3150,99,1
2022-03-15,2,3179,3150,99,1
2022-03-16,1,3181,3150,99,1
2022-03-17,2,3183,3150,99,1
2022-03-18,1,3114,3150,101,0
2022-03-19,2,3175,3150,99,1
2022-03-20,1,3189,3150,99,1
2022-03-21,1,3203,3150,98,2
2022-03-22,1,3201,3150,98,2
2022-03-23,1,3183,3150,99,1
2022-03-24,2,3119,3150,101,0
2022-03-25,1,3168,3150,99,1
2022-03-26,1,3114,3150,101,0
2022-03-27,2,3185,3150,99,1
2022-03-28,2,3149,3150,100,0
2022-03-29,1,3179,3150,99,1
2022-03-30,2,3199,3150,98,2
2022-03-31,2,3125,3150,101,0
2022-04-01,2,3123,3140,101,0
2022-04-02,2,3121,3140,101,0
2022-04-03,2,3120,3140,101,0
2022-04-04,1,3114,3140,101,0
2022-04-05,1,3114,3140,101,0
2022-04-06,2,3130,3140,100,0
2022-04-07,2,3127,3140,100,0
2022-04-08,2,3161,3140,99,1
2022-04-09,1,3191,3140,98,2
2022-04-10,2,3183,3140,99,1
2022-04-11,1,3133,3140,100,0
2022-04-12,2,3148,3140,100,0
2022-04-13,1,3182,3140,99,1
2022-04-14,1,3138,3140,100,0
2022-04-15,2,3112,3140,101,0
2022-04-16,2,3122,3140,101,0
2022-04-17,1,3175,3140,99,1
2022-04-18,1,3169,3140,99,1
2022-04-19,1,3168,3140,99,1
2022-04-20,2,3193,3140,98,2
2022-04-21,2,3188,3140,98,2
2022-04-22,2,3088,3140,102,0
2022-04-23,2,3136,3140,100,0
2022-04-24,1,3098,3140,101,0
2022-04-25,1,3148,3140,100,0
2022-04-26,1,3191,3140,98,2
2022-04-27,1,3199,3140,98,2
2022-04-28,2,3200,3140,98,2
2022-04-29,1,3178,3140,99,1
2022-04-30,1,3116,3140,101,0
2022-05-01,1,3188,3130,98,2
2022-05-02,2,3135,3130,100,0
2022-05-03,1,3145,3130,100,0
2022-05-04,2,3095,3130,101,0
2022-05-05,2,3113,3130,101,0
2022-05-06,1,3133,3130,100,0
2022-05-07,2,3073,3130,102,0
2022-05-08,1,3126,3130,100,0
2022-05-09,1,3168,3130,99,1
2022-05-10,2,3154,3130,99,1
2022-05-11,1,3072,3130,102,0
2022-05-12,1,3127,3130,100,0
2022-05-13,2,3118,3130,100,0
2022-05-14,2,3117,3130,100,0
2022-05-15,2,3146,3130,99,1
2022-05-16,2,3172,3130,99,1
2022-05-17,1,3100,3130,101,0
2022-05-18,1,3111,3130,101,0
2022-05-19,1,3135,3130,100,0
2022-05-20,1,3139,3130,100,0
2022-05-21,1,3164,3130,99,1
2022-05-22,1,3115,3130,100,0
2022-05-23,2,3154,3130,99,1
2022-05-24,1,3138,3130,100,0
2022-05-25,1,3110,3130,101,0
2022-05-26,2,3186,3130,98,2
2022-05-27,2,3154,3130,99,1
2022-05-28,2,3115,3130,100,0
2022-05-29,2,3128,3130,100,0
2022-05-30,1,3103,3130,101,0
2022-05-31,1,3146,3130,99,1
2022-06-01,1,3142,3125,99,1
2022-06-02,2,3115,3125,100,0
2022-06-03,2,3184,3125,98,2
2022-06-04,1,3075,3125,102,0
2022-06-05,1,3089,3125,101,0
2022-06-06,1,3103,3125,101,0
2022-06-07,1,3188,3125,98,2
2022-06-08,1,3168,3125,99,1
2022-06-09,1,3127,3125,100,0
2022-06-10,1,3129,3125,100,0
2022-06-11,2,3099,3125,101,0
2022-06-12,2,3112,3125,100,0
2022-06-13,1,3076,3125,102,0
2022-06-14,1,3166,3125,99,1
2022-06-15,1,3139,3125,100,0
2022-06-16,1,3128,3125,100,0
2022-06-17,1,3090,3125,101,0
2022-06-18,2,3129,3125,100,0
2022-06-19,2,3150,3125,99,1
2022-06-20,2,3102,3125,101,0
2022-06-21,2,3076,3125,102,0
2022-06-22,2,3147,3125,99,1
2022-06-23,2,3180,3125,98,2
2022-06-24,2,3126,3125,100,0
2022-06-25,2,3090,3125,101,0
2022-06-26,2,3158,3125,99,1
2022-06-27,1,3078,3125,102,0
2022-06-28,1,3118,3125,100,0
2022-06-29,1,3117,3125,100,0
2022-06-30,1,3140,3125,100,0
2022-07-01,1,3117,3100,99,1
2022-07-02,1,3067,3100,101,0
2022-07-03,2,3132,3100,99,1
2022-07-04,1,3109,3100,100,0
2022-07-05,2,3136,3100,99,1
2022-07-06,1,3100,3100,100,0
2022-07-07,2,3141,3100,99,1
2022-07-08,2,3065,3100,101,0
2022-07-09,1,3068,3100,101,0
2022-07-10,2,3090,3100,100,0
2022-07-11,2,3063,3100,101,0
2022-07-12,1,3114,3100,100,0
2022-07-13,1,3064,3100,101,0
2022-07-14,2,3090,3100,100,0
2022-07-15,1,3149,3100,98,2
2022-07-16,1,3092,3100,100,0
2022-07-17,1,3116,3100,99,1
2022-07-18,2,3086,3100,100,0
2022-07-19,2,3110,3100,100,0
2022-07-20,2,3146,3100,99,1
2022-07-21,1,3075,3100,101,0
2022-07-22,1,3090,3100,100,0
2022-07-23,1,3165,3100,98,2
2022-07-24,2,3147,3100,99,2
2022-07-25,2,3070,3100,101,0
2022-07-26,2,3104,3100,100,0
2022-07-27,1,3154,3100,98,2
2022-07-28,2,3093,3100,100,0
2022-07-29,1,3154,3100,98,2
2022-07-30,1,3100,3100,100,0
2022-07-31,2,3142,3100,99,1
2022-08-01,2,3105,3100,100,0
2022-08-02,1,3132,3100,99,1
2022-08-03,1,3147,3100,99,2
2022-08-04,1,3158,3100,98,2
2022-08-05,2,3090,3100,100,0
2022-08-06,1,3064,3100,101,0
2022-08-07,2,3055,3100,101,0
2022-08-08,2,3119,3100,99,1
2022-08-09,1,3126,3100,99,1
2022-08-10,2,3055,3100,101,0
2022-08-11,2,3107,3100,100,0
2022-08-12,1,3132,3100,99,1
2022-08-13,1,3146,3100,99,1
2022-08-14,2,3080,3100,101,0
2022-08-15,2,3120,3100,99,1
2022-08-16,2,3144,3100,99,1
2022-08-17,1,3161,3100,98,2
2022-08-18,1,3102,3100,100,0
2022-08-19,1,3163,3100,98,2
2022-08-20,2,3132,3100,99,1
2022-08-21,2,3069,3100,101,0
2022-08-22,2,3047,3100,102,0
2022-08-23,1,3156,3100,98,2
2022-08-24,2,3088,3100,100,0
2022-08-25,2,3059,3100,101,0
2022-08-26,2,3153,3100,98,2
2022-08-27,2,3138,3100,99,1
2022-08-28,2,3167,3100,98,2
2022-08-29,1,3163,3100,98,2
2022-08-30,2,3115,3100,100,0
2022-08-31,2,3153,3100,98,2
2022-09-01,2,3026,3080,102,0
2022-09-02,1,3058,3080,101,0
2022-09-03,1,3054,3080,101,0
2022-09-04,2,3056,3080,101,0
2022-09-05,2,3050,3080,101,0
2022-09-06,2,3117,3080,99,1
2022-09-07,1,3054,3080,101,0
2022-09-08,2,3070,3080,100,0
2022-09-09,1,3102,3080,99,1
2022-09-10,2,3035,3080,101,0
2022-09-11,1,3074,3080,100,0
2022-09-12,1,3078,3080,100,0
2022-09-13,1,3087,3080,100,0
2022-09-14,1,3132,3080,98,2
2022-09-15,1,3093,3080,100,0
2022-09-16,2,3037,3080,101,0
2022-09-17,2,3052,3080,101,0
2022-09-18,1,3083,3080,100,0
2022-09-19,1,3107,3080,99,1
2022-09-20,1,3043,3080,101,0
2022-09-21,1,3059,3080,101,0
2022-09-22,1,3119,3080,99,1
2022-09-23,1,3135,3080,98,2
2022-09-24,2,3044,3080,101,0
2022-09-25,2,3031,3080,102,0
2022-09-26,1,3073,3080,100,0
2022-09-27,2,3129,3080,98,2
2022-09-28,2,3047,3080,101,0
2022-09-29,2,3047,3080,101,0
2022-09-30,1,3059,3080,101,0
2022-10-01,2,3003,3050,102,0
2022-10-02,2,3065,3050,100,0
2022-10-03,2,3004,3050,102,0
2022-10-04,2,3047,3050,100,0
2022-10-05,2,3064,3050,100,0
2022-10-06,1,3015,3050,101,0
2022-10-07,2,3018,3050,101,0
2022-10-08,1,3036,3050,100,0
2022-10-09,2,3017,3050,101,0
2022-10-10,1,3105,3050,98,2
2022-10-11,1,3001,3050,102,0
2022-10-12,1,3093,3050,99,1
2022-10-13,2,3077,3050,99,1
2022-10-14,2,3044,3050,100,0
2022-10-15,1,3008,3050,101,0
2022-10-16,1,3017,3050,101,0
2022-10-17,2,3044,3050,100,0
2022-10-18,2,3051,3050,100,0
2022-10-19,2,3050,3050,100,0
2022-10-20,1,3020,3050,101,0
2022-10-21,2,3010,3050,101,0
2022-10-22,2,3048,3050,100,0
2022-10-23,2,3102,3050,98,2
2022-10-24,2,3028,3050,101,0
2022-10-25,1,3077,3050,99,1
2022-10-26,1,3065,3050,100,0
2022-10-27,1,3029,3050,101,0
2022-10-28,1,3045,3050,100,0
2022-10-29,2,3008,3050,101,0
2022-10-30,2,3055,3050,100,0
2022-10-31,2,3068,3050,99,1
2022-11-01,2,3036,3050,100,0
2022-11-02,1,3080,3050,99,1
2022-11-03,2,3078,3050,99,1
2022-11-04,2,3112,3050,98,2
2022-11-05,2,3017,3050,101,0
2022-11-06,2,3084,3050,99,1
2022-11-07,2,3047,3050,100,0
2022-11-08,1,3010,3050,101,0
2022-11-09,1,3035,3050,100,0
2022-11-10,1,3075,3050,99,1
2022-11-11,2,3109,3050,98,2
2022-11-12,2,3083,3050,99,1
2022-11-13,1,3045,3050,100,0
2022-11-14,2,3039,3050,100,0
2022-11-15,2,3073,3050,99,1
2022-11-16,2,3045,3050,100,0
2022-11-17,2,3083,3050,99,1
2022-11-18,2,3063,3050,100,0
2022-11-19,1,3016,3050,101,0
2022-11-20,1,3094,3050,99,1
2022-11-21,2,3024,3050,101,0
2022-11-22,1,3030,3050,101,0
2022-11-23,1,3026,3050,101,0
2022-11-24,2,3101,3050,98,2
2022-11-25,1,3053,3050,100,0
2022-11-26,1,3033,3050,101,0
2022-11-27,1,3041,3050,100,0
2022-11-28,1,3088,3050,99,1
2022-11-29,1,3044,3050,100,0
2022-11-30,2,3095,3050,99,1
2022-12-01,2,3021,3050,101,0
2022-12-02,2,3057,3050,100,0
2022-12-03,1,3069,3050,99,1
2022-12-04,1,3072,3050,99,1
2022-12-05,1,3089,3050,99,1
2022-12-06,2,3014,3050,101,0
2022-12-07,1,3010,3050,101,0
2022-12-08,1,3028,3050,101,0
2022-12-09,2,3026,3050,101,0
2022-12-10,2,3048,3050,100,0
2022-12-11,1,3074,3050,99,1
2022-12-12,1,3010,3050,101,0
2022-12-13,1,3067,3050,99,1
2022-12-14,1,3029,3050,101,0
2022-12-15,1,3042,3050,100,0
2022-12-16,1,3028,3050,101,0
2022-12-17,2,3074,3050,99,1
2022-12-18,2,3013,3050,101,0
2022-12-19,1,3046,3050,100,0
2022-12-20,2,2995,3050,102,0
2022-12-21,2,3050,3050,100,0
2022-12-22,2,3088,3050,99,1
2022-12-23,1,3082,3050,99,1
2022-12-24,2,3044,3050,100,0
2022-12-25,1,3039,3050,100,0
2022-12-26,1,3015,3050,101,0
2022-12-27,1,3106,3050,98,2
2022-12-28,1,3044,3050,100,0
2022-12-29,2,3100,3050,98,2
2022-12-30,2,3085,3050,99,1
2022-12-31,1,3084,3050,99,1
2023-01-01,1,3046,3000,98,2
2023-01-02,2,2976,3000,101,0
2023-01-03,1,2977,3000,101,0
2023-01-04,1,2960,3000,101,0
2023-01-05,1,3042,3000,99,1
2023-01-06,2,3055,3000,98,2
2023-01-07,1,2967,3000,101,0
2023-01-08,2,3015,3000,100,1
2023-01-09,1,3003,3000,100,0
2023-01-10,2,3020,3000,99,1
2023-01-11,2,2955,3000,102,0
2023-01-12,2,2973,3000,101,0
2023-01-13,2,2986,3000,100,0
2023-01-14,2,3039,3000,99,1
2023-01-15,1,3041,3000,99,1
2023-01-16,1,2986,3000,100,0
2023-01-17,1,3049,3000,98,2
2023-01-18,1,2975,3000,101,0
2023-01-19,2,2968,3000,101,0
2023-01-20,2,2962,3000,101,0
2023-01-21,1,2970,3000,101,0
2023-01-22,1,3027,3000,99,1
2023-01-23,1,3040,3000,99,1
2023-01-24,1,2965,3000,101,0
2023-01-25,2,2957,3000,101,0
2023-01-26,1,2974,3000,101,0
2023-01-27,1,3011,3000,100,0
2023-01-28,1,3004,3000,100,0
2023-01-29,1,2958,3000,101,0
2023-01-30,1,2949,3000,102,0
2023-01-31,1,3017,3000,99,1
2023-02-01,1,3005,3000,100,0
2023-02-02,1,3006,3000,100,0
2023-02-03,1,3049,3000,98,2
2023-02-04,2,3027,3000,99,1
2023-02-05,1,2951,3000,102,0
2023-02-06,1,2951,3000,102,0
2023-02-07,2,2993,3000,100,0
2023-02-08,2,2991,3000,100,0
2023-02-09,1,3007,3000,100,0
2023-02-10,2,3001,3000,100,0
2023-02-11,1,3037,3000,99,1
2023-02-12,1,3021,3000,99,1
2023-02-13,1,3019,3000,99,1
2023-02-14,1,2966,3000,101,0
2023-02-15,2,2984,3000,101,0
2023-02-16,2,3017,3000,99,1
2023-02-17,2,2957,3000,101,0
2023-02-18,2,2959,3000,101,0
2023-02-19,1,2964,3000,101,0
2023-02-20,1,2950,3000,102,0
2023-02-21,1,2980,3000,101,0
2023-02-22,1,2984,3000,101,0
2023-02-23,1,3009,3000,100,0
2023-02-24,2,3011,3000,100,0
2023-02-25,2,2957,3000,101,0
2023-02-26,2,2993,3000,100,0
2023-02-27,1,3041,3000,99,1
2023-02-28,1,2994,3000,100,0
2023-03-01,1,3070,3000,98,2
2023-03-02,1,2964,3000,101,0
2023-03-03,2,2990,3000,100,0
2023-03-04,2,2990,3000,100,0
2023-03-05,1,3047,3000,98,2
2023-03-06,1,3015,3000,100,1
2023-03-07,1,3047,3000,98,2
2023-03-08,2,2989,3000,100,0
2023-03-09,1,3017,3000,99,1
2023-03-10,2,2957,3000,101,0
2023-03-11,1,2999,3000,100,0
2023-03-12,2,3014,3000,100,0
2023-03-13,1,3055,3000,98,2
2023-03-14,1,3023,3000,99,1
2023-03-15,2,3058,3000,98,2
2023-03-16,2,3007,3000,100,0
2023-03-17,2,2977,3000,101,0
2023-03-18,2,3060,3000,98,2
2023-03-19,2,2953,3000,102,0
2023-03-20,1,3019,3000,99,1
2023-03-21,1,2968,3000,101,0
2023-03-22,2,2986,3000,100,0
2023-03-23,2,3040,3000,99,1
2023-03-24,2,2955,3000,102,0
2023-03-25,2,3044,3000,99,1
2023-03-26,1,2984,3000,101,0
2023-03-27,2,2978,3000,101,0
2023-03-28,2,2985,3000,101,0
2023-03-29,1,2997,3000,100,0
2023-03-30,2,2986,3000,100,0
2023-03-31,2,3041,3000,99,1
2023-04-01,2,2964,2960,100,0
2023-04-02,1,2928,2960,101,0
2023-04-03,1,2955,2960,100,0
2023-04-04,2,2919,2960,101,0
2023-04-05,2,2972,2960,100,0
2023-04-06,1,2920,2960,101,0
2023-04-07,2,2969,2960,100,0
2023-04-08,2,2977,2960,99,1
2023-04-09,2,2925,2960,101,0
2023-04-10,1,2959,2960,100,0
2023-04-11,2,2949,2960,100,0
2023-04-12,2,3027,2960,98,2
2023-04-13,2,2941,2960,101,0
2023-04-14,2,2991,2960,99,1
2023-04-15,1,2907,2960,102,0
2023-04-16,1,2955,2960,100,0
2023-04-17,2,2991,2960,99,1
2023-04-18,1,2956,2960,100,0
2023-04-19,1,3021,2960,98,2
2023-04-20,2,2975,2960,99,1
2023-04-21,1,2996,2960,99,1
2023-04-22,2,2995,2960,99,1
2023-04-23,1,3004,2960,99,1
2023-04-24,1,2935,2960,101,0
2023-04-25,1,2947,2960,100,0
2023-04-26,2,2932,2960,101,0
2023-04-27,2,2971,2960,100,0
2023-04-28,1,2968,2960,100,0
2023-04-29,2,2955,2960,100,0
2023-04-30,2,2956,2960,100,0
2023-05-01,2,2917,2950,101,0
2023-05-02,1,2908,2950,101,0
2023-05-03,1,2979,2950,99,1
2023-05-04,1,2940,2950,100,0
2023-05-05,1,2919,2950,101,0
2023-05-06,1,2994,2950,99,1
2023-05-07,2,3008,2950,98,2
2023-05-08,1,2904,2950,102,0
2023-05-09,2,2950,2950,100,0
2023-05-10,1,2977,2950,99,1
2023-05-11,1,2910,2950,101,0
2023-05-12,1,2913,2950,101,0
2023-05-13,2,2981,2950,99,1
2023-05-14,2,2943,2950,100,0
2023-05-15,1,3001,2950,98,2
2023-05-16,1,2899,2950,102,0
2023-05-17,1,2923,2950,101,0
2023-05-18,1,2934,2950,101,0
2023-05-19,1,2933,2950,101,0
2023-05-20,1,2974,2950,99,1
2023-05-21,1,2971,2950,99,1
2023-05-22,1,2953,2950,100,0
2023-05-23,2,2964,2950,100,0
2023-05-24,1,3006,2950,98,2
2023-05-25,2,2912,2950,101,0
2023-05-26,1,3014,2950,98,2
2023-05-27,2,2953,2950,100,0
2023-05-28,1,2978,2950,99,1
2023-05-29,1,2961,2950,100,0
2023-05-30,2,2961,2950,100,0
2023-05-31,2,2945,2950,100,0
2023-06-01,1,2990,2950,99,1
2023-06-02,2,3012,2950,98,2
2023-06-03,2,2949,2950,100,0
2023-06-04,1,2911,2950,101,0
2023-06-05,1,2959,2950,100,0
2023-06-06,2,2961,2950,100,0
2023-06-07,1,2897,2950,102,0
2023-06-08,2,3011,2950,98,2
2023-06-09,2,2961,2950,100,0
2023-06-10,1,3000,2950,98,2
2023-06-11,1,2981,2950,99,1
2023-06-12,1,2943,2950,100,0
2023-06-13,2,2984,2950,99,1
2023-06-14,1,2941,2950,100,0
2023-06-15,2,3003,2950,98,2
2023-06-16,2,2906,2950,102,0
2023-06-17,2,2959,2950,100,0
2023-06-18,2,2983,2950,99,1
2023-06-19,2,2933,2950,101,0
2023-06-20,1,2933,2950,101,0
2023-06-21,1,2913,2950,101,0
2023-06-22,1,2995,2950,98,2
2023-06-23,2,2989,2950,99,1
2023-06-24,1,3005,2950,98,2
2023-06-25,1,2949,2950,100,0
2023-06-26,2,2913,2950,101,0
2023-06-27,1,2996,2950,98,2
2023-06-28,2,2984,2950,99,1
2023-06-29,2,2952,2950,100,0
2023-06-30,1,3008,2950,98,2
2023-07-01,1,2918,2935,101,0
2023-07-02,2,2907,2935,101,0
2023-07-03,2,2934,2935,100,0
2023-07-04,2,2904,2935,101,0
2023-07-05,1,2967,2935,99,1
2023-07-06,2,2934,2935,100,0
2023-07-07,2,2967,2935,99,1
2023-07-08,2,2931,2935,100,0
2023-07-09,1,2963,2935,99,1
2023-07-10,2,2903,2935,101,0
2023-07-11,2,2978,2935,99,1
2023-07-12,2,2943,2935,100,0
2023-07-13,1,2886,2935,102,0
2023-07-14,2,2977,2935,99,1
2023-07-15,1,2950,2935,99,1
2023-07-16,1,2898,2935,101,0
2023-07-17,1,2956,2935,99,1
2023-07-18,1,2962,2935,99,1
2023-07-19,2,2931,2935,100,0
2023-07-20,2,2901,2935,101,0
2023-07-21,2,2906,2935,101,0
2023-07-22,1,2928,2935,100,0
2023-07-23,1,2901,2935,101,0
2023-07-24,1,2945,2935,100,0
2023-07-25,1,2914,2935,101,0
2023-07-26,2,2914,2935,101,0
2023-07-27,1,2903,2935,101,0
2023-07-28,2,2941,2935,100,0
2023-07-29,1,2995,2935,98,2
2023-07-30,1,2988,2935,98,2
2023-07-31,1,2931,2935,100,0
2023-08-01,2,2931,2920,100,0
2023-08-02,2,2917,2920,100,0
2023-08-03,2,2939,2920,99,1
2023-08-04,1,2931,2920,100,0
2023-08-05,1,2883,2920,101,0
2023-08-06,1,2922,2920,100,0
2023-08-07,1,2910,2920,100,0
2023-08-08,1,2930,2920,100,0
2023-08-09,1,2931,2920,100,0
2023-08-10,2,2887,2920,101,0
2023-08-11,2,2910,2920,100,0
2023-08-12,2,2959,2920,99,1
2023-08-13,2,2890,2920,101,0
2023-08-14,1,2932,2920,100,0
2023-08-15,1,2948,2920,99,1
2023-08-16,1,2926,2920,100,0
2023-08-17,2,2977,2920,98,2
2023-08-18,2,2937,2920,99,1
2023-08-19,2,2887,2920,101,0
2023-08-20,2,2895,2920,101,0
2023-08-21,1,2946,2920,99,1
2023-08-22,2,2930,2920,100,0
2023-08-23,2,2955,2920,99,1
2023-08-24,1,2933,2920,100,0
2023-08-25,2,2879,2920,101,0
2023-08-26,1,2973,2920,98,2
2023-08-27,1,2971,2920,98,2
2023-08-28,1,2959,2920,99,1
2023-08-29,2,2875,2920,102,0
2023-08-30,2,2946,2920,99,1
2023-08-31,2,2947,2920,99,1
2023-09-01,1,2937,2910,99,1
2023-09-02,1,2884,2910,101,0
2023-09-03,1,2950,2910,99,1
2023-09-04,2,2923,2910,100,0
2023-09-05,1,2938,2910,99,1
2023-09-06,2,2952,2910,99,1
2023-09-07,1,2965,2910,98,2
2023-09-08,2,2909,2910,100,0
2023-09-09,1,2907,2910,100,0
2023-09-10,2,2910,2910,100,0
2023-09-11,1,2930,2910,99,1
2023-09-12,1,2956,2910,98,2
2023-09-13,1,2920,2910,100,0
2023-09-14,2,2873,2910,101,0
2023-09-15,1,2963,2910,98,2
2023-09-16,2,2937,2910,99,1
2023-09-17,1,2855,2910,102,0
2023-09-18,1,2927,2910,99,1
2023-09-19,1,2913,2910,100,0
2023-09-20,2,2888,2910,101,0
2023-09-21,2,2946,2910,99,1
2023-09-22,2,2944,2910,99,1
2023-09-23,2,2890,2910,101,0
2023-09-24,1,2876,2910,101,0
2023-09-25,1,2955,2910,98,2
2023-09-26,1,2902,2910,100,0
2023-09-27,1,2888,2910,101,0
2023-09-28,1,2886,2910,101,0
2023-09-29,2,2940,2910,99,1
2023-09-30,1,2901,2910,100,0
2023-10-01,2,2891,2900,100,0
2023-10-02,2,2931,2900,99,1
2023-10-03,1,2867,2900,101,0
2023-10-04,2,2936,2900,99,1
2023-10-05,2,2961,2900,98,2
2023-10-06,2,2946,2900,98,2
2023-10-07,1,2938,2900,99,1
2023-10-08,1,2871,2900,101,0
2023-10-09,2,2927,2900,99,1
2023-10-10,2,2935,2900,99,1
2023-10-11,2,2867,2900,101,0
2023-10-12,1,2908,2900,100,0
2023-10-13,2,2946,2900,98,2
2023-10-14,1,2898,2900,100,0
2023-10-15,1,2869,2900,101,0
2023-10-16,2,2931,2900,99,1
2023-10-17,2,2859,2900,101,0
2023-10-18,1,2940,2900,99,1
2023-10-19,1,2936,2900,99,1
2023-10-20,2,2893,2900,100,0
2023-10-21,1,2870,2900,101,0
2023-10-22,2,2873,2900,101,0
2023-10-23,2,2892,2900,100,0
2023-10-24,2,2888,2900,100,0
2023-10-25,2,2853,2900,102,0
2023-10-26,2,2848,2900,102,0
2023-10-27,1,2865,2900,101,0
2023-10-28,1,2894,2900,100,0
2023-10-29,1,2929,2900,99,1
2023-10-30,1,2869,2900,101,0
2023-10-31,2,2931,2900,99,1
2023-11-01,1,2884,2900,101,0
2023-11-02,1,2911,2900,100,0
2023-11-03,2,2877,2900,101,0
2023-11-04,1,2875,2900,101,0
2023-11-05,1,2857,2900,102,0
2023-11-06,2,2890,2900,100,0
2023-11-07,2,2902,2900,100,0
2023-11-08,1,2900,2900,100,0
2023-11-09,2,2931,2900,99,1
2023-11-10,1,2855,2900,102,0
2023-11-11,2,2917,2900,99,1
2023-11-12,1,2862,2900,101,0
2023-11-13,2,2950,2900,98,2
2023-11-14,1,2922,2900,99,1
2023-11-15,1,2869,2900,101,0
2023-11-16,2,2929,2900,99,1
2023-11-17,2,2851,2900,102,0
2023-11-18,2,2893,2900,100,0
2023-11-19,2,2949,2900,98,2
2023-11-20,2,2857,2900,102,0
2023-11-21,2,2902,2900,100,0
2023-11-22,1,2916,2900,99,1
2023-11-23,2,2894,2900,100,0
2023-11-24,2,2918,2900,99,1
2023-11-25,1,2856,2900,102,0
2023-11-26,2,2872,2900,101,0
2023-11-27,2,2922,2900,99,1
2023-11-28,2,2900,2900,100,0
2023-11-29,1,2870,2900,101,0
2023-11-30,2,2940,2900,99,1
2023-12-01,2,2877,2900,101,0
2023-12-02,2,2943,2900,99,1
2023-12-03,1,2920,2900,99,1
2023-12-04,2,2912,2900,100,0
2023-12-05,2,2930,2900,99,1
2023-12-06,2,2918,2900,99,1
2023-12-07,2,2939,2900,99,1
2023-12-08,2,2868,2900,101,0
2023-12-09,2,2870,2900,101,0
2023-12-10,2,2943,2900,99,1
2023-12-11,1,2951,2900,98,2
2023-12-12,2,2879,2900,101,0
2023-12-13,1,2954,2900,98,2
2023-12-14,2,2864,2900,101,0
2023-12-15,1,2914,2900,100,0
2023-12-16,2,2935,2900,99,1
2023-12-17,2,2932,2900,99,1
2023-12-18,1,2851,2900,102,0
2023-12-19,2,2951,2900,98,2
2023-12-20,1,2846,2900,102,0
2023-12-21,2,2874,2900,101,0
2023-12-22,1,2862,2900,101,0
2023-12-23,1,2951,2900,98,2
2023-12-24,2,2903,2900,100,0
2023-12-25,1,2890,2900,100,0
2023-12-26,2,2874,2900,101,0
2023-12-27,2,2918,2900,99,1
2023-12-28,1,2916,2900,99,1
2023-12-29,2,2875,2900,101,0
2023-12-30,2,2936,2900,99,1
2023-12-31,2,2875,2900,101,0
2024-01-01,1,2928,2870,98,2
2024-01-02,2,2840,2870,101,0
2024-01-03,2,2885,2870,99,1
2024-01-04,1,2812,2870,102,0
2024-01-05,2,2833,2870,101,0
2024-01-06,2,2904,2870,99,1
2024-01-07,1,2887,2870,99,1
2024-01-08,1,2853,2870,101,0
2024-01-09,1,2927,2870,98,2
2024-01-10,2,2907,2870,99,1
2024-01-11,2,2825,2870,102,0
2024-01-12,2,2857,2870,100,0
2024-01-13,1,2841,2870,101,0
2024-01-14,2,2904,2870,99,1
2024-01-15,1,2845,2870,101,0
2024-01-16,2,2901,2870,99,1
2024-01-17,1,2847,2870,101,0
2024-01-18,1,2851,2870,101,0
2024-01-19,1,2923,2870,98,2
2024-01-20,1,2904,2870,99,1
2024-01-21,2,2845,2870,101,0
2024-01-22,2,2905,2870,99,1
2024-01-23,1,2868,2870,100,0
2024-01-24,1,2898,2870,99,1
2024-01-25,1,2853,2870,101,0
2024-01-26,2,2875,2870,100,0
2024-01-27,1,2920,2870,98,2
2024-01-28,2,2881,2870,100,0
2024-01-29,2,2927,2870,98,2
2024-01-30,2,2879,2870,100,0
2024-01-31,2,2827,2870,102,0
2024-02-01,2,2875,2855,99,1
2024-02-02,2,2867,2855,100,0
2024-02-03,1,2887,2855,99,1
2024-02-04,2,2849,2855,100,0
2024-02-05,1,2850,2855,100,0
2024-02-06,2,2905,2855,98,2
2024-02-07,2,2806,2855,102,0
2024-02-08,2,2859,2855,100,0
2024-02-09,1,2882,2855,99,1
2024-02-10,2,2920,2855,98,2
2024-02-11,2,2887,2855,99,1
2024-02-12,1,2818,2855,101,0
2024-02-13,2,2803,2855,102,0
2024-02-14,1,2808,2855,102,0
2024-02-15,1,2866,2855,100,0
2024-02-16,1,2873,2855,99,1
2024-02-17,1,2906,2855,98,2
2024-02-18,1,2897,2855,99,1
2024-02-19,2,2836,2855,101,0
2024-02-20,2,2830,2855,101,0
2024-02-21,1,2827,2855,101,0
2024-02-22,2,2818,2855,101,0
2024-02-23,2,2815,2855,101,0
2024-02-24,2,2827,2855,101,0
2024-02-25,2,2876,2855,99,1
2024-02-26,2,2870,2855,99,1
2024-02-27,1,2827,2855,101,0
2024-02-28,1,2916,2855,98,2
2024-02-29,1,2910,2855,98,2
2024-03-01,2,2822,2855,101,0
2024-03-02,1,2813,2855,101,0
2024-03-03,1,2811,2855,102,0
2024-03-04,1,2779,2830,102,0
2024-03-05,1,2812,2830,101,0
2024-03-06,2,2858,2830,99,1
2024-03-07,1,2885,2830,98,2
2024-03-08,1,2839,2830,100,0
2024-03-09,1,2850,2830,99,1
2024-03-10,1,2797,2830,101,0
2024-03-11,2,2865,2830,99,1
2024-03-12,2,2840,2830,100,0
2024-03-13,1,2798,2830,101,0
2024-03-14,2,2810,2830,101,0
2024-03-15,2,2817,2830,100,0
2024-03-16,2,2881,2830,98,2
2024-03-17,2,2829,2830,100,0
2024-03-18,2,2828,2830,100,0
2024-03-19,2,2787,2830,102,0
2024-03-20,1,2888,2830,98,2
2024-03-21,2,2847,2830,99,1
2024-03-22,2,2790,2830,101,0
2024-03-23,2,2837,2830,100,0
2024-03-24,1,2851,2830,99,1
2024-03-25,1,2826,2830,100,0
2024-03-26,1,2805,2830,101,0
2024-03-27,2,2839,2830,100,0
2024-03-28,1,2824,2830,100,0
2024-03-29,2,2778,2830,102,0
2024-03-30,1,2864,2830,99,1
2024-03-31,1,2774,2830,102,0
2024-04-01,2,2836,2800,99,1
2024-04-02,1,2816,2800,99,1
2024-04-03,2,2768,2800,101,0
2024-04-04,2,2763,2800,101,0
2024-04-05,2,2826,2800,99,1
2024-04-06,1,2841,2800,99,1
2024-04-07,1,2762,2800,101,0
2024-04-08,1,2811,2800,100,0
2024-04-09,2,2781,2800,101,0
2024-04-10,2,2829,2800,99,1
2024-04-11,1,2868,2800,98,2
2024-04-12,2,2776,2800,101,0
2024-04-13,1,2840,2800,99,1
2024-04-14,2,2815,2800,99,1
2024-04-15,2,2863,2800,98,2
2024-04-16,2,2842,2800,99,2
2024-04-17,2,2843,2800,98,2
2024-04-18,2,2846,2800,98,2
2024-04-19,2,2809,2800,100,0
2024-04-20,1,2828,2800,99,1
2024-04-21,1,2770,2800,101,0
2024-04-22,2,2759,2800,101,0
2024-04-23,1,2843,2800,98,2
2024-04-24,2,2777,2800,101,0
2024-04-25,1,2850,2800,98,2
2024-04-26,2,2850,2800,98,2
2024-04-27,2,2826,2800,99,1
2024-04-28,2,2781,2800,101,0
2024-04-29,2,2847,2800,98,2
2024-04-30,1,2762,2800,101,0
2024-05-01,1,2802,2800,100,0
2024-05-02,1,2824,2800,99,1
2024-05-03,2,2866,2800,98,2
2024-05-04,2,2776,2800,101,0
2024-05-05,1,2777,2800,101,0
2024-05-06,2,2810,2800,100,0
2024-05-07,1,2787,2800,100,0
2024-05-08,1,2744,2800,102,0
2024-05-09,2,2811,2800,100,0
2024-05-10,1,2770,2800,101,0
2024-05-11,2,2812,2800,100,0
2024-05-12,2,2796,2800,100,0
2024-05-13,2,2754,2800,102,0
2024-05-14,1,2790,2800,100,0
2024-05-15,2,2814,2800,100,1
2024-05-16,2,2764,2800,101,0
2024-05-17,2,2770,2800,101,0
2024-05-18,2,2855,2800,98,2
2024-05-19,1,2833,2800,99,1
2024-05-20,1,2811,2800,100,0
2024-05-21,1,2780,2800,101,0
2024-05-22,1,2810,2800,100,0
2024-05-23,1,2790,2800,100,0
2024-05-24,1,2769,2800,101,0
2024-05-25,2,2769,2800,101,0
2024-05-26,1,2828,2800,99,1
2024-05-27,2,2856,2800,98,2
2024-05-28,2,2816,2800,99,1
2024-05-29,2,2843,2800,98,2
2024-05-30,1,2839,2800,99,1
2024-05-31,2,2836,2800,99,1
2024-06-01,1,2769,2800,101,0
2024-06-02,1,2840,2800,99,1
2024-06-03,1,2834,2800,99,1
2024-06-04,2,2780,2800,101,0
2024-06-05,2,2826,2800,99,1
2024-06-06,1,2832,2800,99,1
2024-06-07,1,2756,2800,102,0
2024-06-08,1,2801,2800,100,0
2024-06-09,1,2830,2800,99,1
2024-06-10,2,2846,2800,98,2
2024-06-11,1,2819,2800,99,1
2024-06-12,1,2779,2800,101,0
2024-06-13,2,2803,2790,100,0
2024-06-14,2,2747,2790,102,0
2024-06-15,2,2816,2790,99,1
2024-06-16,1,2775,2790,101,0
2024-06-17,2,2790,2790,100,0
2024-06-18,2,2805,2790,99,1
2024-06-19,1,2756,2790,101,0
2024-06-20,1,2758,2790,101,0
2024-06-21,1,2774,2790,101,0
2024-06-22,2,2790,2790,100,0
2024-06-23,2,2764,2790,101,0
2024-06-24,2,2837,2790,98,2
2024-06-25,2,2850,2790,98,2
2024-06-26,1,2761,2790,101,0
2024-06-27,1,2794,2790,100,0
2024-06-28,1,2793,2790,100,0
2024-06-29,1,2758,2790,101,0
2024-06-30,1,2797,2790,100,0
2024-07-01,2,2763,2775,100,0
2024-07-02,1,2783,2775,100,0
2024-07-03,1,2808,2775,99,1
2024-07-04,2,2762,2775,100,0
2024-07-05,1,2759,2775,101,0
2024-07-06,2,2843,2775,98,2
2024-07-07,2,2750,2775,101,0
2024-07-08,1,2785,2775,100,0
2024-07-09,1,2740,2775,101,0
2024-07-10,1,2796,2775,99,1
2024-07-11,1,2785,2775,100,0
2024-07-12,1,2809,2775,99,1
2024-07-13,1,2791,2775,99,1
2024-07-14,2,2724,2775,102,0
2024-07-15,2,2735,2775,101,0
2024-07-16,1,2782,2775,100,0
2024-07-17,2,2737,2775,101,0
2024-07-18,2,2773,2775,100,0
2024-07-19,1,2772,2775,100,0
2024-07-20,1,2796,2775,99,1
2024-07-21,1,2814,2775,99,1
2024-07-22,1,2783,2775,100,0
2024-07-23,1,2764,2775,100,0
2024-07-24,1,2746,2775,101,0
2024-07-25,1,2825,2775,98,2
2024-07-26,1,2805,2775,99,1
2024-07-27,1,2811,2775,99,1
2024-07-28,2,2825,2775,98,2
2024-07-29,1,2807,2775,99,1
2024-07-30,2,2745,2775,101,0
2024-07-31,1,2787,2775,100,0
2024-08-01,1,2721,2775,102,0
2024-08-02,2,2781,2775,100,0
2024-08-03,1,2789,2775,99,1
2024-08-04,1,2836,2775,98,2
2024-08-05,2,2829,2775,98,2
2024-08-06,1,2781,2775,100,0
2024-08-07,1,2804,2775,99,1
2024-08-08,2,2812,2775,99,1
2024-08-09,1,2818,2775,98,2
2024-08-10,2,2780,2775,100,0
2024-08-11,2,2750,2775,101,0
2024-08-12,1,2814,2775,99,1
2024-08-13,2,2779,2775,100,0
2024-08-14,1,2808,2775,99,1
2024-08-15,1,2725,2775,102,0
2024-08-16,2,2817,2775,99,2
2024-08-17,1,2821,2775,98,2
2024-08-18,1,2754,2775,101,0
2024-08-19,2,2776,2775,100,0
2024-08-20,1,2756,2775,101,0
2024-08-21,2,2829,2775,98,2
2024-08-22,2,2780,2775,100,0
2024-08-23,2,2785,2775,100,0
2024-08-24,1,2729,2775,102,0
2024-08-25,1,2826,2775,98,2
2024-08-26,2,2775,2775,100,0
2024-08-27,1,2769,2775,100,0
2024-08-28,1,2792,2775,99,1
2024-08-29,1,2748,2775,101,0
2024-08-30,1,2770,2775,100,0
2024-08-31,2,2740,2775,101,0
2024-09-01,2,2796,2775,99,1
2024-09-02,1,2754,2775,101,0
2024-09-03,2,2738,2775,101,0
2024-09-04,2,2766,2775,100,0
2024-09-05,2,2750,2775,101,0
2024-09-06,2,2761,2775,101,0
2024-09-07,1,2724,2775,102,0
2024-09-08,2,2837,2775,98,2
2024-09-09,2,2770,2775,100,0
2024-09-10,2,2753,2775,101,0
2024-09-11,2,2800,2775,99,1
2024-09-12,2,2732,2775,102,0
2024-09-13,2,2745,2775,101,0
2024-09-14,2,2800,2775,99,1
2024-09-15,1,2809,2775,99,1
2024-09-16,1,2835,2775,98,2
2024-09-17,2,2794,2775,99,1
2024-09-18,1,2790,2775,99,1
2024-09-19,2,2764,2775,100,0
2024-09-20,2,2801,2775,99,1
2024-09-21,1,2776,2775,100,0
2024-09-22,2,2781,2775,100,0
2024-09-23,1,2794,2775,99,1
2024-09-24,2,2829,2775,98,2
2024-09-25,1,2784,2775,100,0
2024-09-26,1,2829,2775,98,2
2024-09-27,2,2727,2775,102,0
2024-09-28,1,2841,2775,98,2
2024-09-29,1,2836,2775,98,2
2024-09-30,1,2777,2775,100,0
2024-10-01,1,2762,2750,100,0
2024-10-02,2,2807,2750,98,2
2024-10-03,2,2709,2750,102,0
2024-10-04,2,2725,2750,101,0
2024-10-05,1,2815,2750,98,2
2024-10-06,1,2808,2750,98,2
2024-10-07,2,2731,2750,101,0
2024-10-08,1,2693,2750,102,0
2024-10-09,1,2716,2750,101,0
2024-10-10,1,2715,2750,101,0
2024-10-11,2,2717,2750,101,0
2024-10-12,1,2763,2750,100,0
2024-10-13,1,2725,2750,101,0
2024-10-14,2,2802,2750,98,2
2024-10-15,1,2751,2750,100,0
2024-10-16,1,2788,2750,99,1
2024-10-17,1,2797,2750,98,2
2024-10-18,1,2780,2750,99,1
2024-10-19,1,2770,2750,99,1
2024-10-20,2,2732,2750,101,0
2024-10-21,2,2774,2750,99,1
2024-10-22,1,2724,2750,101,0
2024-10-23,2,2721,2750,101,0
2024-10-24,1,2788,2750,99,1
2024-10-25,1,2723,2750,101,0
2024-10-26,1,2753,2750,100,0
2024-10-27,1,2744,2750,100,0
2024-10-28,2,2712,2750,101,0
2024-10-29,1,2701,2750,102,0
2024-10-30,1,2803,2750,98,2
2024-10-31,1,2775,2750,99,1
2024-11-01,2,2779,2750,99,1
2024-11-02,2,2696,2750,102,0
2024-11-03,1,2804,2750,98,2
2024-11-04,1,2784,2750,99,1
2024-11-05,2,2732,2750,101,0
2024-11-06,1,2741,2750,100,0
2024-11-07,2,2782,2750,99,1
2024-11-08,1,2708,2750,102,0
2024-11-09,2,2718,2750,101,0
2024-11-10,1,2788,2750,99,1
2024-11-11,2,2725,2750,101,0
2024-11-12,1,2713,2750,101,0
2024-11-13,1,2717,2750,101,0
2024-11-14,2,2801,2750,98,2
2024-11-15,2,2716,2750,101,0
2024-11-16,2,2772,2750,99,1
2024-11-17,1,2798,2750,98,2
2024-11-18,2,2796,2750,98,2
2024-11-19,2,2717,2750,101,0
2024-11-20,1,2757,2750,100,0
2024-11-21,1,2789,2750,99,1
2024-11-22,2,2794,2750,98,2
2024-11-23,2,2794,2750,98,2
2024-11-24,2,2796,2750,98,2
2024-11-25,1,2721,2750,101,0
2024-11-26,2,2727,2750,101,0
2024-11-27,2,2725,2750,101,0
2024-11-28,1,2765,2750,99,1
2024-11-29,2,2780,2750,99,1
2024-11-30,2,2731,2750,101,0
2024-12-01,1,2806,2750,98,2
2024-12-02,2,2802,2750,98,2
2024-12-03,1,2714,2750,101,0
2024-12-04,2,2784,2750,99,1
2024-12-05,1,2760,2750,100,0
2024-12-06,1,2804,2750,98,2
2024-12-07,2,2763,2750,100,0
2024-12-08,2,2777,2750,99,1
2024-12-09,1,2763,2750,100,0
2024-12-10,1,2734,2750,101,0
2024-12-11,1,2784,2750,99,1
2024-12-12,2,2745,2750,100,0
2024-12-13,2,2788,2750,99,1
2024-12-14,1,2734,2750,101,0
2024-12-15,2,2701,2750,102,0
2024-12-16,1,2724,2750,101,0
2024-12-17,2,2755,2750,100,0
2024-12-18,2,2714,2750,101,0
2024-12-19,1,2697,2750,102,0
2024-12-20,1,2782,2750,99,1
2024-12-21,2,2759,2750,100,0
2024-12-22,2,2761,2750,100,0
2024-12-23,2,2781,2750,99,1
2024-12-24,2,2757,2750,100,0
2024-12-25,1,2744,2750,100,0
2024-12-26,1,2779,2750,99,1
2024-12-27,2,2785,2750,99,1
2024-12-28,1,2778,2750,99,1
2024-12-29,2,2795,2750,98,2
2024-12-30,1,2720,2750,101,0
2024-12-31,2,2755,2750,100,0
2025-01-01,1,2680,2725,102,0
2025-01-02,2,2706,2725,101,0
2025-01-03,1,2715,2725,100,0
2025-01-04,1,2788,2725,98,2
2025-01-05,1,2733,2725,100,0
2025-01-06,2,2700,2725,101,0
2025-01-07,2,2717,2725,100,0
2025-01-08,1,2765,2725,99,1
2025-01-09,2,2675,2725,102,0
2025-01-10,2,2753,2725,99,1
2025-01-11,1,2672,2725,102,0
2025-01-12,1,2711,2725,101,0
2025-01-13,2,2752,2725,99,1
2025-01-14,1,2764,2725,99,1
2025-01-15,1,2726,2725,100,0
2025-01-16,1,2764,2725,99,1
2025-01-17,2,2785,2725,98,2
2025-01-18,2,2686,2725,101,0
2025-01-19,1,2778,2725,98,2
2025-01-20,2,2729,2725,100,0
2025-01-21,2,2760,2725,99,1
2025-01-22,1,2753,2725,99,1
2025-01-23,2,2712,2725,100,0
2025-01-24,2,2742,2725,99,1
2025-01-25,1,2678,2725,102,0
2025-01-26,2,2739,2725,99,1
2025-01-27,2,2709,2725,101,0
2025-01-28,1,2763,2725,99,1
2025-01-29,1,2692,2725,101,0
2025-01-30,2,2721,2725,100,0
2025-01-31,1,2784,2725,98,2
2025-02-01,1,2665,2700,101,0
2025-02-02,2,2697,2700,100,0
2025-02-03,2,2658,2700,102,0
2025-02-04,2,2661,2700,101,0
2025-02-05,1,2759,2700,98,2
2025-02-06,2,2758,2700,98,2
2025-02-07,1,2731,2700,99,1
2025-02-08,2,2661,2700,101,0
2025-02-09,2,2691,2700,100,0
2025-02-10,2,2644,2700,102,0
2025-02-11,2,2690,2700,100,0
2025-02-12,2,2653,2700,102,0
2025-02-13,2,2760,2700,98,2
2025-02-14,1,2753,2700,98,2
2025-02-15,1,2710,2700,100,0
2025-02-16,2,2720,2700,99,1
2025-02-17,1,2651,2700,102,0
2025-02-18,2,2737,2700,99,1
2025-02-19,1,2688,2700,100,0
2025-02-20,2,2735,2700,99,1
2025-02-21,1,2664,2700,101,0
2025-02-22,1,2720,2700,99,1
2025-02-23,1,2690,2700,100,0
2025-02-24,2,2686,2700,101,0
2025-02-25,1,2697,2700,100,0
2025-02-26,1,2718,2700,99,1
2025-02-27,2,2738,2700,99,1
2025-02-28,1,2737,2700,99,1
